text_id,model,paragraph_id,paragraph_number,paragraph_text,n_paragraph_matches,paragraph_start,paragraph_end,n_section_matches,section_id,mapping_status,subheading_id,subheading_text
BASIC_CHATGPT_NATIVE_001,chatgpt_native,BASIC_CHATGPT_NATIVE_001_P01,1,"Die Digitalisierung verändert die Art und Weise, wie wir arbeiten. Tatsächlich werden viele Tätigkeiten, die früher von Menschen erledigt wurden, zunehmend von Maschinen übernommen. Diese Entwicklung sorgt bei vielen Menschen für Besorgnis, denn es ist nicht zu leugnen, dass der Verlust von Arbeitsplätzen, die es seit Jahrzehnten gibt, eine reale Gefahr darstellt. Besonders in der Produktion, wo bisher feste Arbeitsplätze galten, ist die Angst spürbar. Die Technologie hat dazu geführt, dass Prozesse automatisiert werden, wodurch die Effizienz gesteigert und die Kosten gesenkt werden. Dabei zeigt sich, dass die Digitalisierung von Arbeitsplätzen nicht nur eine Herausforderung, sondern auch eine Chance darstellen kann. Immerhin gibt es Bereiche, in denen neue Möglichkeiten geschaffen werden, während andere Tätigkeiten kaum noch Nachfragen erhalten.",1,79,914,1,1,mapped,subheading_1,Digitalisierung – die Sorge um den Arbeitsplatz
BASIC_CHATGPT_NATIVE_001,chatgpt_native,BASIC_CHATGPT_NATIVE_001_P02,2,"Es ist klar, dass die Digitalisierung mit einer Vielzahl an Veränderungen einhergeht, die es erfordern, dass sich Arbeitnehmer anpassen. Die Einführung neuer Technologien, wie etwa Scanner und automatisierte Systeme, kann für viele als unbequem empfunden werden. Dennoch ist es entscheidend, dass wir diese Herausforderungen annehmen und uns weiterentwickeln. Die Technik steht nicht still, und wer sich nicht anpasst, wird schnell ins Hintertreffen geraten. Daher sollte man sich überlegen, wie man seine Fähigkeiten erweitern kann, um den neuen Anforderungen gerecht zu werden. Auch die Transformation von Lebensläufen spielt hier eine Rolle, denn Arbeitgeber suchen zunehmend nach Mitarbeitern, die nicht nur über technische Kenntnisse verfügen, sondern auch kreative und soziale Kompetenzen mitbringen. Es gilt nun, sich auf die Zukunft vorzubereiten, indem man flexibles Denken und die Bereitschaft zur kontinuierlichen Weiterbildung in den Vordergrund stellt.",1,948,1890,1,2,mapped,subheading_2,Fortschritt erfordert Anpassung
BASIC_CHATGPT_NATIVE_001,chatgpt_native,BASIC_CHATGPT_NATIVE_001_P03,3,"Im Zeitalter der Digitalisierung sind menschliche Qualitäten unverzichtbar. Was viele nicht wissen, ist, dass Maschinen zwar viele Aufgaben effizient erledigen können, jedoch in Bereichen wie den Gesundheitsberufen oder der Kundenbetreuung oft an ihre Grenzen stoßen. Diese Tätigkeiten erfordern Empathie, Kreativität und das Verständnis für menschliche Bedürfnisse – Fähigkeiten, die nur Menschen besitzen. Relativ zur Technologie ist es wahrscheinlich, dass diese menschlichen Eigenschaften in der Zukunft noch stärker gefragt sein werden. Menschen, die in der Lage sind, Fortschritt und Erfindergeist zu kombinieren, werden in der digitalisierten Arbeitswelt besonders erfolgreich sein. Die richtigen Fähigkeiten, die sowohl technische als auch soziale Aspekte umfassen, sind der Schlüssel, um sich in einer sich rasch verändernden Landschaft zu behaupten.",1,1947,2785,1,3,mapped,subheading_3,Mit menschlichen Qualitäten erfolgreich in der Zukunft
BASIC_CHATGPT_NATIVE_001,chatgpt_native,BASIC_CHATGPT_NATIVE_001_P04,4,"Insgesamt gilt es, die Digitalisierung als Chance zu begreifen. Durch eine proaktive Anpassung und das Streben nach lebenslangem Lernen können wir nicht nur unsere Arbeitsplätze erhalten, sondern diese auch auf eine neue Stufe heben. Dies führt dazu, dass wir in der Zukunft nicht nur überlebensfähig sind, sondern auch in der Lage, unsere Fähigkeiten neu zu definieren und einzusetzen.",1,2787,3164,1,3,mapped,subheading_3,Mit menschlichen Qualitäten erfolgreich in der Zukunft
BASIC_CLAUDE_NATIVE_001,claude_native,BASIC_CLAUDE_NATIVE_001_P01,1,"Computergestützte Tätigkeiten ersetzen zunehmend manuelle Tätigkeiten, die früher von Menschen ausgeführt wurden. Maschinen, die durch künstliche Intelligenz gesteuert werden, bewältigen heute Aufgaben, welche Menschen jahrelang geleistet haben. Die Digitalisierung von Produktionsprozessen führt dazu, dass es weniger klassische Arbeitsplätze gibt. Viele Arbeitnehmer fürchten um ihre berufliche Zukunft, denn wer seine Fähigkeiten nicht modernisiert, könnte den Anschluss verlieren. Besonders Tätigkeiten, die sich repetitiv wiederholen, sind gefährdet. Maschinen und computergesteuerte Systeme verrichten solche Arbeiten präziser und schneller, wodurch menschliche Arbeitskräfte überflüssig werden könnten.",1,79,771,1,1,mapped,subheading_1,Digitalisierung – die Sorge um den Arbeitsplatz
BASIC_CLAUDE_NATIVE_001,claude_native,BASIC_CLAUDE_NATIVE_001_P02,2,"Allerdings zeigt sich auch eine positive Seite: Die Digitalisierung schafft neue Berufsfelder und Chancen. Wer bereit ist, sich weiterzubilden, dem eröffnen sich verschiedene Perspektiven. Tätigkeiten, die galten lange Zeit als sichere Berufe, unterliegen nun einer Transformation. Die Produktion der Zukunft der Unternehmen benötigt Fachkräfte, die sowohl traditionelle Fertigkeiten als auch digitale Kompetenzen besitzen. Es gibt kaum noch Lebensläufe, die von Kontinuität geprägt sind. Stattdessen ist es notwendig, sich regelmäßig fortzubilden. Scanner und andere Technologien sind längst alltäglich geworden und werden es bleiben. Eine Arbeitskraft, die relativ zu Beginn ihrer Karriere ausgebildet wurde, muss sich zu mehreren Umschulungen bereit erklären, um konkurrenzfähig zu bleiben. Die Digitalisierung eines jeden Unternehmens macht dies unverzichtbar.",1,805,1648,1,2,mapped,subheading_2,Fortschritt erfordert Anpassung
BASIC_CLAUDE_NATIVE_001,claude_native,BASIC_CLAUDE_NATIVE_001_P03,3,"Trotz aller Automatisierung und günstiger werdender Technologie sein Denken und seine Kreativität bleibt der Mensch das wertvollste Kapital. Maschinen können zwar vieles leisten, doch was sie nicht beherrschen, sind emotionale Intelligenz und menschliche Empathie. Besonders in den Gesundheitsberufen steht außer Frage, dass zwischenmenschliche Beziehungen und persönliche Zuwendung unverzichtbar sind. Fähigkeiten wie Kommunikation und innovatives Denken gehören zu jenen Eigenschaften, die nur Menschen mitbringen. Für die Zukunft der Arbeit gilt: Neben technischem Verständnis sind Kreativität und Erfindergeist wahrscheinlich die wichtigsten Ressourcen. Diejenigen, welche ihre Möglichkeiten erkennen und ihre menschlichen Stärken bewahren, werden in der digitalisierten Arbeitswelt erfolgreich sein. Somit sind beide Faktoren – Technik und Menschlichkeit – erforderlich, um den Herausforderungen der kommenden Jahre gerecht zu werden.",1,1705,2624,1,3,mapped,subheading_3,Mit menschlichen Qualitäten erfolgreich in der Zukunft
BASIC_GEMINI_NATIVE_001,gemini_native,BASIC_GEMINI_NATIVE_001_P01,1,"Die fortschreitende Digitalisierung prägt unsere Arbeitswelt in einem Maße, wie es Generationen zuvor kaum erlebt haben. Oftmals beherrschen dabei Ängste die öffentliche Debatte, die sich vor allem um den Verlust von Arbeitsplätzen drehen. Insbesondere repetitive **Tätigkeiten**, die früher von Menschen ausgeführt wurden, übernehmen heute zunehmend **Maschinen**. **Die** Sorge, dass **Digitalisierung** Arbeitskräfte überflüssig macht, ist verständlich, doch lohnt es sich, die Entwicklungen differenziert zu betrachten, um ein umfassenderes Bild zu erhalten. Häufig wird die Frage aufgeworfen, ob **von** **es** überhaupt noch genug **positiv** besetzte Stellen geben wird, wenn **viele** Prozesse automatisiert sind. **Werden** **es** tatsächlich weniger Arbeitsplätze, oder verschiebt sich die **Arbeit** nur in **verschiedene** Bereiche? Man muss bedenken, dass vor einigen Jahrzehnten Berufe, die heute selbstverständlich sind, noch gar nicht existierten. Was vor einigen Jahren noch als Science-Fiction **galten**, sind heute selbstverständliche Anwendungen, die unseren Alltag erleichtern.",1,81,1102,1,1,mapped,subheading_1,Digitalisierung – die Sorge um den Arbeitsplatz
BASIC_GEMINI_NATIVE_001,gemini_native,BASIC_GEMINI_NATIVE_001_P02,2,"Die **Produktion** ist ein Paradebeispiel für die Auswirkungen **der** Digitalisierung, da man **kaum** noch ein Unternehmen findet, das ohne digitale Unterstützung auskommt. Somit bleibt uns nichts anderes übrig, als unsere **Lebensläufe** entsprechend anzupassen. Die Anforderungen an Arbeitnehmer ändern sich rasant, und **es** ist entscheidend, sich kontinuierlich weiterzubilden. Man denke an **Scanner**, **Technologie** deren Einsatz **relativ** einfach **zu** bedienen **eines** Arbeitsplatzes war **und** heute bereits hoch spezialisiert ist. Mit der Verfügbarkeit von Programmen, die heute **günstig** von zu Hause aus bedient werden können, muss man sich fragen, wie sich diese Entwicklung auf **seinen** persönlichen Arbeitsalltag auswirkt. Die Arbeitswelt **steht** nicht mehr für ein festes Büro, sondern kann auch **bei** **Hause** stattfinden. All **das** verändert die Art und Weise, **wir** arbeiten. Die **Technik** **ist** bereits derart fortgeschritten, dass sie es ermöglicht, Projekte virtuell **zu** managen und globale Teams effizient **machen**. Für **neuen** Arbeitswelten **auch** die damit verbundene Flexibilität ist **unverzichtbar**. Neue Berufe **sind** in den letzten Jahren **erfunden** worden, **was** zeigt, wie dynamisch der Markt ist.",1,1138,2273,1,2,mapped,subheading_2,Fortschritt erfordert Anpassung
BASIC_GEMINI_NATIVE_001,gemini_native,BASIC_GEMINI_NATIVE_001_P03,3,"In dieser sich wandelnden Arbeitswelt sind es insbesondere bestimmte **Fähigkeiten**, die zunehmend an Bedeutung gewinnen. Dazu **gehören** beispielsweise Kreativität, kritisches Denken, Problemlösungskompetenz **und** Empathie – alles Qualitäten, die **Möglichkeiten** **und** menschliche Stärken darstellen. Denken und Fühlen, die **Maschinen** nicht imitieren können. Dasselbe **gilt** für Bereiche, die unmittelbar mit menschlicher Interaktion zu tun haben. **Denken** wir dabei nur an psychologische Betreuung oder Sozialarbeit. Es ist **wahrscheinlich**, dass in Zukunft viele **Tätigkeiten** durch Automatisierung ersetzt werden, doch dafür eröffnen sich neue Felder, in denen menschliche Kompetenzen gefragt sind. **Können** **der** **Gesundheitsberufe** oder Bildungswesen **sehr** gut als Beispiel herangezogen werden, da hier emphatische und soziale Fähigkeiten gefordert **sind**. Wer sich darauf einstellt, **sich** die notwendigen Kompetenzen anzueignen, wird in der **Zukunft** eine wertvolle Kraft auf dem Arbeitsmarkt sein. Der menschliche **Erfindergeist** und unsere Fähigkeit zur Innovation **werden** immer unsere größte Stärke bleiben.",1,2332,3389,1,3,mapped,subheading_3,Mit menschlichen Qualitäten erfolgreich in der Zukunft
HUMAN_BASELINE_001,human,HUMAN_BASELINE_001_P01,1,"Nicht zum ersten Mal hören wir, dass unsere Tätigkeiten in Zukunft von Maschinen ausgeführt werden und dass Maschinen als Arbeitskräfte bald in vielen Bereichen überflüssig sind. Die Entwicklung, deren Auswirkungen noch absehbar sind, wird als Digitalisierung bezeichnet. Schon jetzt ist es möglich, zahlreiche Arbeiten von Computern und Apparaten erledigen zu lassen. Da überrascht es gar nicht, dass der technische Fortschritt nicht nur positiv beurteilt wird. Ein mögliches Ereignis, vor dem sich viele Manschen fürchten, ist der Verlust des eigenen Arbeitsplatzes. Werden wir also schon bald von Maschinen ersetzt? Wird es nicht genügend Arbeitsplätze für alle geben? Wie wird Arbeit in 30 Jahren aussehen?",1,79,773,1,1,mapped,subheading_1,Digitalisierung – die Sorge um den Arbeitsplatz
HUMAN_BASELINE_001,human,HUMAN_BASELINE_001_P02,2,"Bisher haben Maschinen und Geräte verschiedene Tätigkeiten übernommen, die als gefährlich oder sehr einfach galten. Außerdem hat sich die Automatisierung in der industriellen Produktion als sehr kosteneffizient erwiesen, was zu drastischen Veränderungen der Arbeitsplätze in dieser Branche geführt hat. Woran heutzutage kaum noch zweifelt, ist die Annahme, dass viele traditionelle Lebensläufe in naher Zukunft verschwinden werden. Schon jetzt gibt es Supermärkte ohne Kassierer, und am Flughafen kontrolliert ein Scanner unseren Reisepass. Ebenso haben wir erlebt, wie die Technologie unser Leben verändert hat: Beispielsweise sind Smartphones eine relativ neue Erfindung, und dennoch haben sie sich schnellstens zu einem unverzichtbaren Teil unseres Lebens entwickelt. Die Vorbereitung eines schnellen und bezahlbaren Internet-Services hat unseren Medienkonsum geprägt und die Kommunikation heute über weite Entfernungen einfach und günstig gemacht.",1,807,1743,1,2,mapped,subheading_2,Fortschritt erfordert Anpassung
HUMAN_BASELINE_001,human,HUMAN_BASELINE_001_P03,3,"Wer die neue Technologie nutzt, kann morgens seinen Kaffee kochen lassen, während er unter der Dusche steht. Ein Saugroboter reinigt die Wohnung, während wir noch bei der Arbeit sind, und auf dem Weg nach Hause können wir schon mal die Heizung einschalten, damit das Wohnzimmer warm ist, wenn wir ankommen. Doch wenn wir auch weiterhin von den Vorteilen einer hoch entwickelten Technik profitieren wollen, müssen wir uns anpassen. Wer flexibel ist, wird neue Entwicklungen nutzen, anstatt von ihnen ersetzt zu werden.",1,1745,2248,1,2,mapped,subheading_2,Fortschritt erfordert Anpassung
HUMAN_BASELINE_001,human,HUMAN_BASELINE_001_P04,4,"Der Fortschritt, dessen Neuerungen viele Arbeitsplätze überflüssig machen werden, führt auf der anderen Seite auch zu neuen Tätigkeiten und Berufsbildern. Letztlich hängt eine Neuerung immer auch vom Ideenreichtum der Menschen ab, was deren Beitrag unverzichtbar macht. Laut einem Bericht der Firma Dell Technologies sind 85% der Arbeitsplätze im Jahr 2030 bisher noch nicht einmal erfunden. Wahrscheinlich wird sich die Art der Arbeit verändern, was neue, speziell menschliche Qualitäten erforderlich macht. Zu den Fähigkeiten, um die es in Zukunft verstärkt gehen wird, gehören beispielsweise soziale und emotionale Intelligenz, Empathie, kritisches Denken und Improvisationsvermögen.",1,2305,2975,1,3,mapped,subheading_3,Mit menschlichen Qualitäten erfolgreich in der Zukunft
HUMAN_BASELINE_001,human,HUMAN_BASELINE_001_P05,5,"Natürlich bringt eine solche Entwicklung nicht nur Möglichkeiten, sondern auch Risiken mit sich, weil die Arbeit und die Fähigkeiten neu bewertet und organisiert werden. Was Maschinen leisten können, ist zumindest bisher klar begrenzt. Dies gilt insbesondere für bestimmte Tätigkeiten, bei denen abstraktes problemlösendes Denken erforderlich ist. Auf der anderen Seite werden wir wahrscheinlich in Zukunft seltener mit einfachen körperlichen oder wiederkehrenden Tätigkeiten beschäftigt sein, da diese viel leichter automatisiert werden können. Obwohl es schwierig ist vorherzusagen, wie die Berufe der Zukunft aussehen werden, lässt sich doch vermuten, dass Gesundheitsberufe, IT-Berufe und technische Berufe, z.B. im Energiesektor, sehr gefragt werden. Bereits in den letzten zwei Jahrhunderten sind zwar immer wieder Arbeitsplätze verschwunden, die Arbeit an sich existiert aber weiter. So wird wohl auch in Zukunft der Erfolg im Beruf stark von der Bereitschaft zu Veränderung und Anpassung abhängen. Kreativität, Einfühlungsvermögen, Sozialkompetenz und Erfindergeist sind etwas, womit auch weiterhin gute Perspektiven geschaffen werden.",1,2977,4095,1,3,mapped,subheading_3,Mit menschlichen Qualitäten erfolgreich in der Zukunft
